{"cameraMode":{"drawMode":0,"name":"Shaded","section":"Shading Mode"},"sceneLighting":false,"audioPlay":false,"sceneViewState":{"m_AlwaysRefresh":false,"showFog":true,"showSkybox":false,"showFlares":true,"showImageEffects":true,"showParticleSystems":true,"showVisualEffectGraphs":true,"m_FxEnabled":true},"in2DMode":false,"pivot":{"x":-116.54838562011719,"y":135.93182373046876,"z":-36.279541015625},"rotation":{"x":0.014689506962895394,"y":0.008096249774098397,"z":0.0001188511960208416,"w":-0.9998634457588196},"size":899.356201171875,"orthographic":true}