{"cameraMode":{"drawMode":0,"name":"Shaded","section":"Shading Mode"},"sceneLighting":false,"audioPlay":false,"sceneViewState":{"m_AlwaysRefresh":false,"showFog":true,"showSkybox":false,"showFlares":true,"showImageEffects":true,"showParticleSystems":true,"showVisualEffectGraphs":true,"m_FxEnabled":true},"in2DMode":false,"pivot":{"x":794.7589721679688,"y":-49.15370178222656,"z":-17.10894775390625},"rotation":{"x":0.014689506962895394,"y":0.008096249774098397,"z":0.0001188511960208416,"w":-0.9998634457588196},"size":628.6870727539063,"orthographic":true}