{"cameraMode":{"drawMode":0,"name":"Shaded","section":"Shading Mode"},"sceneLighting":false,"audioPlay":false,"sceneViewState":{"m_AlwaysRefresh":false,"showFog":true,"showSkybox":false,"showFlares":true,"showImageEffects":true,"showParticleSystems":true,"showVisualEffectGraphs":true,"m_FxEnabled":true},"in2DMode":false,"pivot":{"x":906.4593505859375,"y":239.48670959472657,"z":-126.96627807617188},"rotation":{"x":0.014686895534396172,"y":-0.02039935626089573,"z":-0.00029983086278662086,"w":-0.9996873140335083},"size":691.2659912109375,"orthographic":false}