{"cameraMode":{"drawMode":0,"name":"Shaded","section":"Shading Mode"},"sceneLighting":false,"audioPlay":false,"sceneViewState":{"m_AlwaysRefresh":false,"showFog":true,"showSkybox":false,"showFlares":true,"showImageEffects":true,"showParticleSystems":true,"showVisualEffectGraphs":true,"m_FxEnabled":true},"in2DMode":false,"pivot":{"x":388.0106506347656,"y":343.51556396484377,"z":6.897705078125},"rotation":{"x":0.004190105479210615,"y":0.012596696615219117,"z":0.00005265312938718125,"w":-0.9999151825904846},"size":956.6888427734375,"orthographic":false}