{"cameraMode":{"drawMode":0,"name":"Shaded","section":"Shading Mode"},"sceneLighting":false,"audioPlay":false,"sceneViewState":{"m_AlwaysRefresh":false,"showFog":true,"showSkybox":false,"showFlares":true,"showImageEffects":true,"showParticleSystems":true,"showVisualEffectGraphs":true,"m_FxEnabled":true},"in2DMode":false,"pivot":{"x":1103.48974609375,"y":452.2890930175781,"z":24.018310546875},"rotation":{"x":0.004190105479210615,"y":0.012596696615219117,"z":0.00005265312938718125,"w":-0.9999151825904846},"size":212.53114318847657,"orthographic":false}