{"cameraMode":{"drawMode":0,"name":"Shaded","section":"Shading Mode"},"sceneLighting":false,"audioPlay":false,"sceneViewState":{"m_AlwaysRefresh":false,"showFog":true,"showSkybox":false,"showFlares":true,"showImageEffects":true,"showParticleSystems":true,"showVisualEffectGraphs":true,"m_FxEnabled":true},"in2DMode":false,"pivot":{"x":97.22523498535156,"y":432.13153076171877,"z":-73.3504638671875},"rotation":{"x":0.02517695724964142,"y":-0.029389508068561555,"z":-0.0007406246149912477,"w":-0.9992543458938599},"size":642.5385131835938,"orthographic":false}